Customer_ID,Age,Gender,Region,Monthly_Income,Monthly_Spend,Tenure_Months,Purchase_Frequency,Satisfaction_Score,Churn
CUST_0001,56,Male,North,34023.29505386941,15355.76200187845,52,7,1,0
CUST_0002,46,Female,South,45421.629434679984,9530.987253812307,8,1,2,1
CUST_0003,32,Male,South,40857.31696761075,9766.792984215877,42,15,5,0
CUST_0004,60,Female,West,47195.43045521831,7599.38306811322,26,1,3,0
CUST_0005,25,Male,East,50849.74887345661,13758.004922480906,48,1,2,0
CUST_0006,38,Male,South,57945.391315350964,15115.746014048456,51,8,4,0
CUST_0007,56,Female,South,48942.518329113635,13831.091464607543,26,4,4,0
CUST_0008,36,Female,South,57297.52465739303,18697.96973339015,23,4,4,1
CUST_0009,40,Female,West,50967.1162221518,11977.615924683814,43,13,4,0
CUST_0010,28,Female,East,20368.00150469193,14674.966622370051,13,2,3,0
CUST_0011,28,Male,North,35909.96909271869,7633.196495442743,28,11,7,1
CUST_0012,41,Female,West,47838.686664175766,10451.601190102396,9,11,9,1
CUST_0013,53,Male,West,31854.578857383385,14782.15103026311,20,11,5,0
CUST_0014,57,Male,East,58998.93094994307,15396.408442972577,56,1,4,1
CUST_0015,41,Female,East,72961.26248515546,10824.132209343272,19,12,2,0
CUST_0016,20,Male,West,68281.42777545974,11713.602992567732,48,10,2,0
CUST_0017,39,Male,North,46798.35693604688,5928.505013276762,39,9,5,1
CUST_0018,19,Male,West,72360.89205274929,10571.883196773562,51,7,7,0
CUST_0019,41,Male,East,52230.01185803167,15561.532654079145,12,4,10,0
CUST_0020,61,Female,North,44943.71043322941,14300.820064426265,15,12,10,0
CUST_0021,47,Female,East,40798.960046885906,14002.662885524838,31,6,9,1
CUST_0022,55,Female,North,45462.95470267808,12199.09474872384,55,14,7,1
CUST_0023,19,Female,South,44177.34772188157,12028.252634512706,14,2,5,0
CUST_0024,38,Male,East,52556.243335632316,9358.715442106211,11,7,10,0
CUST_0025,50,Male,East,52408.60971574797,14795.313680810139,26,2,10,0
CUST_0026,29,Female,West,50045.69030230122,13683.89177755756,42,10,10,0
CUST_0027,39,Female,East,56554.072546195246,13968.075391971197,27,8,6,0
CUST_0028,61,Female,East,67859.69412179512,9895.860629329678,11,8,3,1
CUST_0029,42,Male,South,64243.312031619855,3386.628320515023,38,1,5,0
CUST_0030,44,Female,East,27726.53047325145,16388.61084701478,34,13,8,0
CUST_0031,59,Female,South,11691.182976470678,10084.650175966384,43,8,1,0
CUST_0032,45,Female,South,64014.79866858911,8548.896943827518,19,2,1,0
CUST_0033,33,Male,South,29496.819523768685,14773.915647655975,6,6,7,1
CUST_0034,32,Male,South,46628.518971609745,10431.949440323482,46,13,5,0
CUST_0035,64,Male,North,32448.304609109608,16239.745536186489,52,1,5,0
CUST_0036,61,Male,West,22970.293436299704,14468.02379830679,38,5,1,0
CUST_0037,20,Male,North,58121.94092307182,14734.277292801911,49,11,9,0
CUST_0038,54,Male,East,61387.327404539705,6536.177155197863,42,7,1,0
CUST_0039,24,Male,North,41352.34398909921,16847.775941545602,28,13,5,0
CUST_0040,38,Male,North,11134.365617826348,13045.002124935425,1,10,10,0
CUST_0041,26,Female,East,41806.33327621276,10522.891443015187,35,1,9,0
CUST_0042,56,Female,East,55877.060081038195,12573.553869369005,40,15,4,0
CUST_0043,35,Male,East,27816.32646838807,4895.05906840672,8,2,8,0
CUST_0044,21,Male,North,52750.39879668733,13634.611245922682,59,7,6,1
CUST_0045,42,Female,North,49770.35226240507,7882.513967271714,52,6,3,0
CUST_0046,31,Male,East,58689.37249401632,6589.318856625862,54,3,4,0
CUST_0047,26,Male,West,51793.705526212296,5910.563255128435,47,14,2,0
CUST_0048,43,Male,West,35403.96588677667,16450.7534999597,56,10,1,0
CUST_0049,19,Female,South,67948.57252496737,9482.946425228845,7,2,8,1
CUST_0050,37,Female,East,47622.05640459545,18134.910839665998,11,10,1,0
CUST_0051,45,Female,South,49590.43190735102,9856.79414779081,39,4,1,0
CUST_0052,64,Female,West,36000.98061390206,5170.568169628213,4,3,4,0
CUST_0053,24,Female,South,43350.766232127346,7533.902240205363,25,7,10,0
CUST_0054,61,Male,East,36727.95928959649,16943.246480027756,12,8,10,1
CUST_0055,25,Female,East,47405.809101148654,11376.40728825333,26,2,6,0
CUST_0056,64,Male,East,75675.62720213515,9806.850814037596,38,10,9,0
CUST_0057,52,Male,North,29421.482856029656,12640.07290341115,46,7,1,0
CUST_0058,31,Female,South,25796.579031848883,14007.13094467018,12,8,7,0
CUST_0059,34,Female,West,72067.55491240413,16469.595263609845,43,6,10,0
CUST_0060,53,Male,West,46860.14484272201,17793.996919571706,51,6,5,1
CUST_0061,57,Male,West,39963.908920101254,10560.925416843656,53,10,8,0
CUST_0062,21,Male,North,65598.57031094114,6695.809255671847,37,1,7,1
CUST_0063,19,Female,North,40915.766903947035,10346.139355506895,46,4,4,0
CUST_0064,23,Female,East,77390.14570320403,13041.122026331544,53,14,4,0
CUST_0065,59,Female,West,60168.88807008904,8144.964295157557,24,1,6,0
CUST_0066,21,Female,North,42681.32887781446,8171.396340419828,16,4,6,1
CUST_0067,46,Female,East,82359.62319898256,13375.151526199541,57,2,9,0
CUST_0068,35,Male,West,40914.27615494993,11805.390593718195,13,11,5,0
CUST_0069,43,Female,South,61131.430580139604,12131.187981646346,25,13,8,0
CUST_0070,61,Male,East,54489.38870609738,8966.018661199721,54,5,5,0
CUST_0071,51,Male,North,69526.11934098197,11078.397143176931,54,10,2,0
CUST_0072,27,Male,North,73422.66795090279,8303.067422926782,57,14,6,1
CUST_0073,53,Female,East,50480.0622359865,15560.793644499146,52,9,9,1
CUST_0074,31,Female,East,38698.73194480725,16140.99733889501,54,11,3,0
CUST_0075,48,Female,North,56899.582144086744,4615.2485510476245,4,15,1,1
CUST_0076,65,Male,South,39834.26945371841,8281.956559230359,11,12,1,0
CUST_0077,32,Male,West,80200.80871289935,6013.882979639684,32,10,3,0
CUST_0078,25,Male,South,52048.02996624106,9399.904262372407,49,3,10,0
CUST_0079,31,Male,East,44520.17673031837,11666.248120838556,7,8,5,0
CUST_0080,40,Male,South,52770.204587973625,6201.4191212058795,46,3,3,1
CUST_0081,57,Male,North,29793.10565705455,8312.560747498748,58,6,9,0
CUST_0082,38,Female,East,35425.789422340225,7984.170511674006,11,4,8,0
CUST_0083,33,Female,West,68006.20861916638,12829.069317595775,28,8,3,0
CUST_0084,62,Female,North,40146.58581542906,12277.377348145003,54,11,9,0
CUST_0085,35,Female,North,34296.3352597709,9113.049786650987,41,6,6,0
CUST_0086,64,Male,West,58049.79128790929,12707.283488557592,23,8,7,1
CUST_0087,41,Male,West,67785.56231994496,9813.279661650939,45,1,4,1
CUST_0088,43,Female,South,60784.299659976,10913.379558695788,23,6,4,1
CUST_0089,42,Male,East,64940.715287087245,18693.808361194147,50,1,2,0
CUST_0090,62,Female,West,38648.073671458085,17361.84420716139,28,1,5,0
CUST_0091,58,Female,West,28672.839998872343,6801.675052289609,43,8,8,0
CUST_0092,46,Female,East,72520.0047793323,15318.929671516698,47,15,7,0
CUST_0093,32,Male,West,45159.802417367966,15245.586217966367,57,7,7,0
CUST_0094,62,Female,West,46237.50475317429,7406.946844989527,26,3,6,1
CUST_0095,18,Female,South,69922.91212773586,15275.110575019442,25,6,3,0
CUST_0096,42,Female,North,58343.4501410099,18151.72767365021,54,15,5,0
CUST_0097,24,Male,North,56838.31658122411,7509.820775022345,29,9,1,0
CUST_0098,26,Male,North,82475.03517351625,8329.988715942945,19,7,7,0
CUST_0099,41,Female,North,40347.22654429785,16070.645867374009,33,12,9,0
CUST_0100,18,Male,West,63917.60192121856,13085.981243302593,36,3,1,1
CUST_0101,61,Male,East,50855.19687345627,14205.905100958093,14,14,2,0
CUST_0102,25,Male,East,54028.88418294885,13362.356865601987,14,14,3,1
CUST_0103,41,Male,South,72927.02639618798,13562.783683712576,35,13,3,0
CUST_0104,28,Male,South,57617.53634434436,6694.111486755668,30,6,8,0
CUST_0105,34,Male,West,58074.441185744494,16189.270826485794,28,11,7,0
CUST_0106,25,Male,East,66087.61005964704,16678.359969711095,17,4,6,1
CUST_0107,52,Male,East,44525.70905685672,11082.437023727889,3,14,10,1
CUST_0108,52,Male,North,37411.85498991491,11826.09220074455,16,13,10,0
CUST_0109,50,Male,West,34327.862089684495,5875.569989777111,46,3,4,0
CUST_0110,22,Female,West,20504.65115935997,14057.01902407134,30,9,9,0
CUST_0111,59,Female,North,80843.10694910484,14288.229766856577,52,10,1,0
CUST_0112,56,Male,West,33451.87451417475,11751.235932002755,29,2,2,1
CUST_0113,58,Female,West,46681.19564621342,16497.41343948201,45,1,4,0
CUST_0114,45,Female,South,45847.80050166619,10663.691076080238,15,15,3,0
CUST_0115,24,Male,East,54611.10046713651,14258.4237035744,46,14,1,0
CUST_0116,26,Male,West,62236.05818808945,7921.342645231538,56,2,5,0
CUST_0117,25,Male,South,62907.10232539618,11905.791396503048,25,7,7,0
CUST_0118,29,Female,East,41253.83842146592,11302.582968388657,51,10,2,0
CUST_0119,51,Female,North,47493.174293203825,12901.231688163767,38,1,5,0
CUST_0120,50,Male,South,54238.69925732449,10521.892284666566,42,6,6,0
CUST_0121,65,Male,South,46269.633107246795,11474.109617313328,59,14,7,0
CUST_0122,40,Male,East,74110.18364029989,15304.188685766025,47,7,1,1
CUST_0123,41,Female,North,57364.62427457377,10252.94305104713,53,9,7,0
CUST_0124,54,Female,South,61023.16679074726,5573.691597045283,54,15,4,0
CUST_0125,52,Female,West,59943.21903001119,18998.33561682168,52,14,8,0
CUST_0126,61,Female,West,67602.10786227987,17525.816314761945,58,8,4,0
CUST_0127,57,Male,West,52715.3233805556,6830.949219577526,38,6,6,0
CUST_0128,39,Male,North,30547.5207806623,14758.831220980777,23,3,9,0
CUST_0129,44,Male,South,55995.31927628962,9988.100917794627,25,8,5,0
CUST_0130,52,Male,West,40229.64659312257,13053.94886132424,42,7,4,1
CUST_0131,18,Female,North,42070.74977375365,13176.896516053976,7,3,8,0
CUST_0132,52,Female,West,58795.4602813264,11062.368798734711,22,9,9,0
CUST_0133,54,Male,East,68574.24607150453,8864.937337654414,17,12,4,0
CUST_0134,64,Male,South,50319.073651040926,9237.835790734962,18,2,3,0
CUST_0135,31,Female,South,54632.49518898446,8335.232338075031,49,3,8,0
CUST_0136,20,Male,North,75533.22416952858,8672.711167078221,41,2,5,1
CUST_0137,18,Female,North,53611.297692328524,11731.286839802578,10,13,2,0
CUST_0138,22,Male,South,89025.24671270592,9136.960043556992,10,1,10,0
CUST_0139,43,Male,West,58482.64468447316,14728.20826285048,57,4,9,0
CUST_0140,31,Male,West,23588.558612662735,17948.98462134371,7,5,3,0
CUST_0141,56,Male,East,61300.12431656799,9679.787034519828,48,13,2,0
CUST_0142,44,Male,West,55717.37577324166,12957.618002141508,50,6,1,0
CUST_0143,26,Male,North,69346.29131124119,13998.740441211736,38,5,8,0
CUST_0144,32,Male,North,60097.72026904937,13888.009083677098,27,1,3,0
CUST_0145,32,Female,West,47923.16024024339,12303.82107166435,52,3,7,0
CUST_0146,43,Female,North,31635.526455659514,14970.72967343889,33,1,1,1
CUST_0147,59,Female,South,46864.65114070962,13928.995810722628,1,11,1,0
CUST_0148,30,Female,South,37242.1931868605,7049.350310690808,44,5,9,1
CUST_0149,49,Female,West,41292.14825292916,15476.624257557092,53,5,8,1
CUST_0150,56,Male,South,58828.67606630914,15549.163349066968,60,12,3,0
CUST_0151,49,Male,South,75048.56756527109,8946.855583285673,34,11,6,0
CUST_0152,21,Female,East,55920.07294734471,12151.751341790408,4,13,3,0
CUST_0153,47,Male,East,32061.754069472234,14733.315971244278,17,6,4,0
CUST_0154,54,Female,South,56669.040023302114,11162.744721682553,4,8,1,0
CUST_0155,40,Female,West,67949.47229968477,16291.912191064046,43,10,5,1
CUST_0156,56,Male,East,40853.25643520927,21455.489978477442,54,12,1,1
CUST_0157,62,Male,North,47989.742499906235,8856.05586946007,26,1,1,0
CUST_0158,32,Male,North,50220.32292093796,6475.8215873849,4,4,10,0
CUST_0159,60,Female,North,38226.5253037664,13215.274382419502,1,10,7,0
CUST_0160,46,Male,West,59724.20650765789,14886.250020504574,7,11,6,1
CUST_0161,53,Female,South,48185.77777088327,11076.534504620924,30,1,2,0
CUST_0162,30,Female,North,56292.98665860542,17813.042653284137,50,9,2,0
CUST_0163,49,Female,West,36687.6173329685,6645.576801107005,9,11,7,0
CUST_0164,24,Male,East,43438.125495148844,14771.674492126444,35,7,1,0
CUST_0165,39,Male,South,60835.72036741657,9576.556716964427,8,7,2,1
CUST_0166,45,Female,East,44407.502718623495,18877.51162482919,24,12,8,0
CUST_0167,19,Male,West,75904.45776850107,19970.061412672472,19,5,6,0
CUST_0168,59,Male,North,44005.45721578097,8933.373648866609,36,7,2,1
CUST_0169,62,Male,North,53370.27088627829,9801.77145636568,50,12,7,0
CUST_0170,23,Female,West,63988.86247809635,15438.351547919208,52,15,4,0
CUST_0171,45,Female,North,28724.514006004523,10451.47740084194,59,2,2,0
CUST_0172,45,Male,South,23587.86782028836,11818.355128271047,43,14,6,0
CUST_0173,61,Female,West,27115.15528144858,12101.55368216964,27,13,9,0
CUST_0174,61,Male,East,68938.76155140773,4321.307375209375,32,4,9,0
CUST_0175,37,Male,West,41722.127811613296,11944.64901562305,14,14,8,0
CUST_0176,47,Male,South,88372.98928502378,9241.088903743304,57,14,3,0
CUST_0177,28,Male,South,41536.286020139174,10027.508710400913,18,7,3,1
CUST_0178,45,Female,West,52768.269547955555,17774.528013875257,28,3,2,1
CUST_0179,42,Female,West,73131.64928851814,6973.972422882975,60,2,5,0
CUST_0180,56,Female,North,80091.39332238684,15252.820746991909,29,10,4,0
CUST_0181,50,Male,South,80922.55364954597,10884.148278672767,16,2,7,0
CUST_0182,18,Male,West,68125.49345889714,10880.959326016662,35,13,4,0
CUST_0183,44,Male,West,65360.93788717194,15161.487584206845,47,1,9,1
CUST_0184,30,Female,South,58887.90423801775,13360.205178275563,59,5,2,0
CUST_0185,58,Male,West,61675.41614249957,14282.451988878123,59,12,6,0
CUST_0186,20,Female,North,41732.214255072,15872.738642131444,31,6,7,0
CUST_0187,56,Female,South,37727.016748665395,10674.766467266709,4,6,4,0
CUST_0188,23,Female,North,49949.38313883572,9551.053061969,37,9,6,0
CUST_0189,25,Female,North,47447.23066212607,7659.397893768808,17,4,7,0
CUST_0190,44,Female,North,43201.579260090875,8698.357880084179,39,1,4,1
CUST_0191,26,Female,North,60445.81171185073,23796.377701234902,48,6,8,1
CUST_0192,54,Male,South,64329.57812855766,16978.71832294715,46,15,9,0
CUST_0193,50,Male,North,51326.10329437771,6595.702535167915,26,5,1,0
CUST_0194,59,Female,North,72162.95121582893,6710.16817302572,48,10,7,1
CUST_0195,61,Female,West,32874.66328799742,13927.464246873966,39,6,9,0
CUST_0196,41,Male,South,47095.10811080423,14189.059189511867,41,3,10,0
CUST_0197,32,Female,South,39247.66519095792,14195.535341269457,4,2,5,0
CUST_0198,49,Female,East,22001.9507439041,10980.176825785209,30,6,2,1
CUST_0199,49,Male,South,48759.78971235951,11498.182959988399,30,13,10,0
CUST_0200,41,Female,South,48173.78737425074,13311.51809663743,22,1,6,0
CUST_0201,58,Female,East,72701.74614863197,12343.572025173322,11,7,7,1
CUST_0202,29,Female,South,59462.17526832166,3122.798509009859,2,7,2,1
CUST_0203,56,Male,South,34637.19763506192,11080.801477699224,44,10,2,1
CUST_0204,19,Male,South,77811.38849501283,8594.374262958745,12,13,10,0
CUST_0205,20,Male,South,68315.5054328803,12700.845675634047,30,7,10,0
CUST_0206,54,Female,East,58731.465552029236,23941.03601041364,36,15,1,0
CUST_0207,34,Female,South,46602.738517252525,13469.926661897218,18,12,4,1
CUST_0208,19,Male,South,35608.4114491478,10745.881255310409,26,11,7,0
CUST_0209,19,Female,East,44416.8983589342,15687.206007909008,53,10,9,0
CUST_0210,45,Female,West,66331.22929556279,13930.751548836852,7,1,3,1
CUST_0211,40,Female,North,78268.79458901913,13680.377961807366,1,15,7,0
CUST_0212,54,Female,West,73148.65292408284,14427.402372862683,58,4,7,0
CUST_0213,49,Female,East,42667.258673205884,20226.174259318166,26,13,7,0
CUST_0214,50,Male,North,33205.73850066483,7476.446258696337,23,7,2,0
CUST_0215,18,Female,East,52113.29370366806,13894.528307245819,26,11,6,0
CUST_0216,36,Male,East,23473.409516557225,8294.475480073846,45,9,2,0
CUST_0217,19,Female,South,54847.515712771725,14222.050585368994,6,5,6,0
CUST_0218,61,Male,North,47785.96120551997,8325.253954055623,6,13,10,0
CUST_0219,43,Female,South,43009.452471976365,10330.532745579663,44,2,3,0
CUST_0220,49,Male,North,26079.453990998067,10819.640343048375,8,7,2,0
CUST_0221,23,Female,East,57704.00159854575,15903.266877378835,24,10,6,1
CUST_0222,49,Male,East,42009.487405071326,15673.817775769656,22,1,2,0
CUST_0223,21,Female,West,32451.24746434568,7017.1304942144625,19,7,5,0
CUST_0224,28,Male,North,6916.066800775261,12219.736443999394,37,6,2,1
CUST_0225,34,Female,South,49587.27642424046,9161.68058100331,18,7,3,0
CUST_0226,55,Male,West,76583.77395004616,6965.980357298662,31,14,3,1
CUST_0227,41,Male,West,74918.88821821805,11131.931798302518,37,13,6,1
CUST_0228,22,Female,West,43143.55615120592,10766.06884617672,30,10,6,0
CUST_0229,51,Female,South,40966.81909457329,21706.865945382087,57,3,10,1
CUST_0230,23,Male,West,57031.613841125356,13731.839301442786,42,15,3,0
CUST_0231,39,Female,South,35024.21841217563,6489.529996983051,33,3,3,0
CUST_0232,28,Male,West,54526.87849729199,9740.903983316231,10,7,1,0
CUST_0233,65,Male,South,61491.204175770356,16085.533181717594,37,13,7,0
CUST_0234,33,Male,East,68403.99835826461,20353.7710914797,12,2,8,1
CUST_0235,50,Female,East,48497.68885280071,5656.066751048167,54,1,2,0
CUST_0236,26,Male,East,46944.893747345515,4480.30245944382,30,9,4,0
CUST_0237,23,Male,East,36830.261198651584,19483.86070148713,27,9,10,0
CUST_0238,33,Female,East,37596.7946894021,13558.456709483615,39,7,7,0
CUST_0239,46,Female,West,46602.8166214771,8526.829072494535,9,7,8,0
CUST_0240,20,Female,West,55510.48260224267,14138.51634448974,54,3,1,0
CUST_0241,37,Female,West,63703.76939349874,1457.0090439324886,21,10,4,1
CUST_0242,53,Male,South,37952.31573979482,12013.502026388644,12,15,6,0
CUST_0243,36,Male,South,72390.32853439283,13311.28469137234,55,2,3,1
CUST_0244,43,Male,South,45933.14598436147,15697.08055815132,29,11,5,0
CUST_0245,20,Male,South,49679.490584773455,7944.416190829849,33,7,10,1
CUST_0246,36,Female,East,38791.82481278265,12342.748645613436,43,9,9,0
CUST_0247,37,Male,East,13636.396095905875,8298.30149576165,53,1,3,0
CUST_0248,49,Male,East,63260.68094541575,13021.535022697268,15,13,5,0
CUST_0249,24,Female,North,61052.6584563865,8418.614710547903,2,14,8,1
CUST_0250,58,Male,West,45780.0866432268,10367.596643359117,52,4,6,0
CUST_0251,50,Male,South,51004.86075837308,8016.738420839083,39,6,4,1
CUST_0252,57,Male,South,57739.08826556149,14604.544967294629,53,7,8,0
CUST_0253,56,Male,East,26561.81214670186,15433.804466626661,44,10,3,0
CUST_0254,35,Male,South,42064.209839805575,11061.517720170345,54,7,3,0
CUST_0255,57,Male,South,61913.970194327405,12152.951979840112,18,10,4,1
CUST_0256,18,Female,West,31185.658652461258,6205.634341465823,3,2,9,0
CUST_0257,28,Female,East,54403.368982499436,10801.293407972851,7,14,5,1
CUST_0258,45,Male,West,29651.272930648924,11799.181531833021,43,4,8,1
CUST_0259,42,Male,North,56996.449736502895,22483.1723641199,18,5,6,0
CUST_0260,40,Female,North,49465.37776553775,7552.1318969033455,44,14,3,0
CUST_0261,48,Male,North,25773.022761417356,17856.70895500975,38,12,8,0
CUST_0262,47,Male,East,67471.09031685758,15987.435093863232,37,1,9,0
CUST_0263,59,Male,South,38981.12634802926,13122.545617960546,58,1,8,1
CUST_0264,52,Female,East,37846.213444784284,19034.481936780532,33,10,4,0
CUST_0265,24,Male,East,53008.53795846414,13488.421890427451,44,3,6,0
CUST_0266,33,Female,South,67229.56024143074,13556.636782671714,59,15,1,1
CUST_0267,43,Male,West,34762.67271532405,11787.517387929818,31,15,4,0
CUST_0268,65,Female,North,50925.197747719576,16894.27552967451,58,10,8,0
CUST_0269,19,Female,West,56432.24750495859,16385.876935243534,11,3,1,0
CUST_0270,18,Male,North,60396.584108947165,9497.29085001515,4,12,3,0
CUST_0271,65,Female,East,52646.62332915838,6723.01122160493,59,8,1,0
CUST_0272,29,Male,North,44494.58241375016,11188.077450417371,18,9,9,1
CUST_0273,22,Female,East,37586.146690269205,8799.845742409414,4,15,2,0
CUST_0274,54,Male,West,51292.158245695624,11745.90170153858,49,14,9,0
CUST_0275,49,Male,East,33917.9148202159,16949.752538736557,34,11,4,0
CUST_0276,26,Female,West,6179.742747580887,10170.79337965284,29,12,2,0
CUST_0277,58,Male,South,56548.39706236502,11828.7064747537,24,1,4,0
CUST_0278,52,Male,South,63559.02261629293,12232.090939233582,22,14,10,1
CUST_0279,36,Female,South,14556.01346687242,15393.723528821138,2,11,6,0
CUST_0280,65,Male,East,34854.03942935094,3012.4426640615784,44,2,7,0
CUST_0281,33,Male,South,59287.31391507797,9573.198820938813,6,10,3,0
CUST_0282,20,Female,North,80862.43204567548,12845.13476911789,42,2,3,0
CUST_0283,37,Female,West,50311.905615131116,16800.315825707446,25,15,10,0
CUST_0284,41,Male,West,39079.955881562986,10032.39020997518,55,4,8,0
CUST_0285,50,Male,North,47256.553383427396,4493.789175832504,57,2,5,0
CUST_0286,41,Female,East,70623.14628722277,14478.845783864545,21,7,4,0
CUST_0287,28,Female,East,40310.53731313197,9458.550444697483,55,13,7,0
CUST_0288,25,Male,West,38012.119900246194,7241.333363638555,59,15,7,0
CUST_0289,53,Female,South,42758.847167269516,9502.618441147104,16,9,9,1
CUST_0290,55,Male,East,35700.07087611932,11261.898569376603,31,7,9,0
CUST_0291,57,Male,East,51840.054739921936,9581.021341847149,14,12,5,0
CUST_0292,37,Male,North,74370.17687704341,3177.735771603724,39,6,8,0
CUST_0293,52,Male,North,54846.18909674043,15588.264787548529,28,15,10,0
CUST_0294,65,Male,South,46214.69746810569,17099.50016511489,32,10,1,0
CUST_0295,42,Female,East,45622.83096626684,14606.087965358023,28,1,9,0
CUST_0296,52,Female,East,26552.137869550144,7449.2573183007335,51,11,8,0
CUST_0297,42,Female,North,63246.646657207384,11194.033864209929,55,10,6,0
CUST_0298,46,Female,East,48832.44204480797,11973.914739082167,49,9,3,0
CUST_0299,35,Male,West,47292.80129614061,14395.17755824764,9,5,3,0
CUST_0300,63,Male,North,97896.61351767291,14673.361954872324,58,11,8,0
CUST_0301,35,Male,South,54481.2936254853,9063.304804886016,45,5,5,0
CUST_0302,19,Male,North,38723.134248572234,12327.982225654241,22,6,10,0
CUST_0303,52,Female,East,43604.63605691685,13829.121618460964,32,9,7,0
CUST_0304,33,Male,South,67226.68563795132,17823.289288587068,5,13,5,0
CUST_0305,58,Male,North,51699.056158066465,14818.026159298892,23,8,8,0
CUST_0306,53,Female,West,28425.830325239498,15156.226749502075,5,8,10,1
CUST_0307,50,Female,West,63788.43401862805,12335.306511717445,42,14,10,0
CUST_0308,21,Female,North,39977.83871691509,17641.836580814015,53,8,4,0
CUST_0309,50,Female,West,78099.46664326318,13639.05118383799,32,1,2,0
CUST_0310,31,Male,West,66200.72098571973,8555.648359305718,59,1,3,1
CUST_0311,38,Male,West,43290.17156511873,17613.479880500763,10,8,8,0
CUST_0312,65,Female,South,69215.2454260267,14791.61309015611,59,5,7,0
CUST_0313,37,Male,West,51017.83265791105,10227.823915486071,39,9,2,0
CUST_0314,25,Male,West,62791.605126833296,10082.028130403027,58,2,6,0
CUST_0315,24,Male,West,57270.99225941712,13186.302180563047,15,9,9,0
CUST_0316,20,Female,South,37304.6501751369,13852.73918107034,7,12,4,0
CUST_0317,34,Male,North,40346.75251523807,12789.169062524827,29,14,9,1
CUST_0318,50,Female,East,65449.412263717415,13245.23469377154,59,8,2,1
CUST_0319,65,Male,West,44978.37001840189,18799.829498305524,47,9,2,0
CUST_0320,29,Male,North,43945.27305137005,16286.172608939542,3,4,9,0
CUST_0321,39,Male,West,35673.16130975971,12762.542365060097,19,1,7,1
CUST_0322,39,Female,South,56353.98598390192,15765.242323069933,10,1,7,0
CUST_0323,63,Male,North,80937.87378864718,7869.904385889842,28,5,1,0
CUST_0324,47,Female,South,33987.006286185904,13591.708199787236,29,2,6,0
CUST_0325,55,Female,West,50363.29185009137,19237.22539893244,15,14,7,0
CUST_0326,55,Female,West,71183.30833123144,11127.816418430504,35,8,6,0
CUST_0327,62,Male,South,48805.37913131427,8609.46428552366,6,10,6,0
CUST_0328,25,Male,East,56785.57694374601,9391.644445627757,12,11,2,0
CUST_0329,44,Male,South,34064.0970777968,7641.467850630446,47,5,6,0
CUST_0330,44,Male,West,56424.60645811473,8860.952367489186,38,5,4,0
CUST_0331,51,Female,South,47192.83602493177,10517.967605639884,13,2,9,0
CUST_0332,38,Female,East,64785.94993519795,6377.731923285432,29,7,1,1
CUST_0333,47,Female,South,67810.79077347126,12062.473335798411,19,13,8,0
CUST_0334,50,Male,East,88843.45463027922,15609.108695146588,3,8,5,0
CUST_0335,45,Female,East,58694.497598203634,8368.975279412318,8,10,1,1
CUST_0336,64,Male,South,54886.944748732494,18077.135694567074,8,13,4,1
CUST_0337,50,Female,South,52915.76452366004,14043.16835411038,55,1,1,0
CUST_0338,22,Male,North,44702.505607839674,16122.322342496229,58,2,6,0
CUST_0339,65,Male,West,55077.25765192536,9368.661784591452,20,10,2,0
CUST_0340,36,Female,East,45568.97884791456,15418.100908266462,47,4,5,1
CUST_0341,21,Female,North,52526.91464404421,7632.264398418748,4,5,7,1
CUST_0342,52,Female,South,69763.9630341194,15560.990003346034,51,13,2,1
CUST_0343,34,Female,West,34901.86152080538,12687.357359174124,21,2,6,0
CUST_0344,61,Male,North,67098.17841693568,14213.004879939135,3,1,6,0
CUST_0345,45,Female,East,69756.72601009798,7297.621577500593,45,9,5,0
CUST_0346,47,Female,North,48228.97209513382,8419.720630893582,8,14,5,0
CUST_0347,46,Female,East,18172.17651487108,14388.912873013538,23,1,3,0
CUST_0348,63,Male,South,40882.670193583515,8206.607983103197,16,13,10,0
CUST_0349,23,Male,West,69454.91819841664,13852.825168396492,13,15,10,0
CUST_0350,52,Female,West,49656.97906551677,6531.448774159017,3,4,2,0
CUST_0351,58,Male,West,35010.466515576336,15392.696850666673,48,2,7,0
CUST_0352,54,Female,South,42428.376181576736,7069.906740925963,9,11,1,0
CUST_0353,41,Male,East,62609.300397568295,14209.199750718093,60,4,6,0
CUST_0354,46,Male,South,58201.00352302069,14502.523734584003,14,8,6,0
CUST_0355,63,Male,West,46416.01851245458,9212.9127262817,13,8,3,1
CUST_0356,48,Male,South,44497.63382277969,14328.106268338908,53,15,2,0
CUST_0357,52,Female,South,44123.62776434267,13041.769053334225,57,11,2,1
CUST_0358,50,Female,South,36163.84723252246,9844.632575229047,7,12,9,0
CUST_0359,38,Female,East,74230.63534204163,7965.781263695168,15,9,5,0
CUST_0360,49,Male,North,45165.192961829904,4149.497233309684,7,13,7,0
CUST_0361,40,Female,North,68257.37781238244,13398.600189198774,38,15,5,0
CUST_0362,50,Female,South,72819.74077883677,5740.788914551779,34,11,7,1
CUST_0363,20,Female,North,64974.66347221941,12381.376797765233,41,15,4,0
CUST_0364,35,Male,North,43525.695309229275,10946.207135671004,22,12,8,1
CUST_0365,42,Male,South,56055.95135504914,14716.571101752783,24,5,10,0
CUST_0366,59,Male,South,49637.06590413626,10791.818002040543,49,7,10,1
CUST_0367,48,Female,West,36444.47208904808,10682.208854611634,37,3,7,0
CUST_0368,20,Female,North,54865.389225824045,14927.482817153183,44,10,10,1
CUST_0369,57,Female,East,32314.40313260296,13340.23211633647,1,4,5,0
CUST_0370,63,Male,South,67815.19082692346,13264.623828731113,10,10,6,0
CUST_0371,41,Male,West,43030.7405405241,13877.070359234105,43,9,5,0
CUST_0372,49,Female,East,53017.39483809259,5857.711507171577,16,10,7,1
CUST_0373,64,Male,North,54249.31807319213,15027.154719947928,46,10,2,0
CUST_0374,39,Male,West,46116.42539443884,14449.87517605441,8,14,5,0
CUST_0375,40,Male,South,58800.40702212912,7933.267485694011,56,12,10,1
CUST_0376,19,Male,East,42876.44515066213,11023.678105303195,49,1,3,0
CUST_0377,44,Female,South,63069.45946185866,11842.770849489476,25,2,9,0
CUST_0378,59,Male,North,29810.304796298773,11462.012862393069,50,5,6,0
CUST_0379,19,Male,East,51895.693693196175,13335.439866274139,12,3,10,0
CUST_0380,43,Male,North,79083.93498587428,17725.467127324733,25,2,3,1
CUST_0381,34,Male,North,34995.03013091638,16327.066910691316,17,1,7,1
CUST_0382,57,Female,West,39833.82544212723,6751.123226274375,60,10,4,0
CUST_0383,50,Female,South,57708.617744883726,14488.279961224194,26,3,3,1
CUST_0384,26,Male,East,52693.72672909397,17315.733278141637,46,1,8,0
CUST_0385,60,Male,North,55259.45148910339,13547.234082756811,48,12,4,0
CUST_0386,65,Male,North,57337.80695221495,16363.921700743867,14,1,1,0
CUST_0387,56,Male,East,59520.82202842655,20049.08178280306,41,12,6,0
CUST_0388,46,Male,North,66645.49762934334,16094.838184427925,36,1,10,0
CUST_0389,59,Male,West,56147.279853927685,12997.234382566916,57,8,1,1
CUST_0390,43,Female,West,46381.13518072186,16180.353896339013,23,15,5,1
CUST_0391,52,Male,West,60088.60551804097,12579.551332387564,43,3,7,0
CUST_0392,42,Female,West,78498.22902342823,12095.612173139822,6,11,6,0
CUST_0393,41,Female,North,48010.493804261394,10594.34305714507,47,1,2,0
CUST_0394,30,Male,East,35382.06042994038,18253.653435328433,5,7,4,1
CUST_0395,24,Female,East,66606.2100393046,8726.285336231995,43,10,2,1
CUST_0396,53,Female,East,48194.282540696026,18129.470898712465,25,3,1,0
CUST_0397,62,Female,East,17409.95680978946,13999.456494961485,18,8,3,1
CUST_0398,37,Female,South,62711.325157256324,6402.775300792234,13,4,3,0
CUST_0399,18,Female,East,41970.07721069116,13470.597171965686,43,4,7,0
CUST_0400,25,Female,South,48642.00076543759,3599.8939693935044,14,5,1,0
CUST_0401,63,Male,South,54979.70495853522,14502.032067324144,28,6,9,0
CUST_0402,33,Female,West,52857.495196685995,15540.925931955964,18,7,6,0
CUST_0403,31,Female,South,60641.77725708559,9630.576177391786,59,14,4,0
CUST_0404,29,Female,North,43467.70444145235,12494.190783822329,60,14,3,0
CUST_0405,40,Male,South,57696.58697264124,19816.629735001145,57,4,3,0
CUST_0406,32,Female,West,46106.79983624124,9977.013182952252,28,8,2,0
CUST_0407,45,Male,South,61082.157213312545,7764.369651773598,51,13,2,0
CUST_0408,51,Female,North,59230.5122601958,17926.653609850393,56,6,10,0
CUST_0409,19,Male,North,35968.41946933107,19850.34876212318,27,14,5,1
CUST_0410,49,Male,North,66289.73174262549,12014.78268739139,32,1,9,0
CUST_0411,40,Female,West,41960.54832328928,16045.852141633426,47,1,2,0
CUST_0412,39,Female,West,62120.86697421718,17365.903662123525,9,9,2,0
CUST_0413,42,Male,East,55509.30970102011,9030.063069846463,40,10,6,1
CUST_0414,39,Female,West,77572.75515192683,10058.776658528526,32,6,10,1
CUST_0415,39,Male,North,46648.01026442222,16923.49805261894,20,10,2,0
CUST_0416,59,Male,North,44760.24805822704,18740.05711483404,28,8,4,0
CUST_0417,23,Male,West,49708.70591168401,14251.52344069742,33,13,6,1
CUST_0418,32,Male,South,45452.303257485866,8480.742585991782,4,7,5,0
CUST_0419,60,Male,West,61999.12852913075,19948.244446797766,46,12,1,0
CUST_0420,54,Female,West,25755.34087345118,9876.116408752143,57,6,6,0
CUST_0421,50,Male,North,34194.76371280469,10659.448875314192,34,4,1,0
CUST_0422,25,Male,East,33982.9561763121,13369.351337958486,48,7,3,0
CUST_0423,61,Female,North,64254.61387960364,18216.641682859095,3,9,10,0
CUST_0424,61,Male,East,75659.20058872888,15415.903906208894,26,14,5,0
CUST_0425,22,Female,North,48433.261721937924,13659.462001447642,8,11,10,1
CUST_0426,56,Female,West,47467.67415214984,13853.154120472425,6,10,5,0
CUST_0427,21,Female,North,51050.78244669772,12174.058674573864,16,10,10,1
CUST_0428,23,Male,North,67428.17453912286,14232.558058074024,24,14,6,0
CUST_0429,62,Male,North,36089.70298714139,1881.7596892227884,48,7,10,0
CUST_0430,49,Male,West,53575.53474102178,10813.570163720808,39,1,8,0
CUST_0431,47,Female,West,64627.96444673645,12965.287739667125,30,10,5,1
CUST_0432,64,Male,West,57516.41254909768,7395.9436655219715,45,9,1,1
CUST_0433,52,Female,West,52843.724248981154,13545.29327124624,13,13,5,0
CUST_0434,57,Male,East,65015.69138850712,11182.115116055515,5,4,3,1
CUST_0435,33,Female,East,9451.515605011446,19021.90279326196,25,15,4,0
CUST_0436,30,Male,South,60168.12979296361,18292.078900859426,20,3,8,1
CUST_0437,59,Male,West,40188.864753088645,10136.777723527348,54,4,7,0
CUST_0438,47,Male,East,22540.506547153145,11396.649153733219,18,4,5,1
CUST_0439,36,Female,North,57668.03899287471,11704.209737566429,47,13,2,0
CUST_0440,34,Female,West,70604.87817744436,10193.36209536151,18,10,6,0
CUST_0441,36,Male,South,47938.27228058462,12780.099936112507,2,11,6,0
CUST_0442,45,Male,South,64293.118208044085,8966.87172444964,10,2,10,0
CUST_0443,43,Female,South,74184.17386982968,7477.538660249895,55,14,10,0
CUST_0444,54,Female,North,69723.7168037607,14490.844895601074,45,12,6,0
CUST_0445,43,Female,East,74599.46794057089,14518.118336887244,50,14,9,0
CUST_0446,40,Male,North,61131.91236607838,8782.736961360031,47,1,8,0
CUST_0447,26,Female,West,51131.50458352389,15581.421723050398,12,12,8,0
CUST_0448,29,Male,South,25970.512821542474,9473.689083338675,47,10,1,0
CUST_0449,18,Female,North,46309.062678050774,13012.660952151924,13,12,5,1
CUST_0450,18,Male,North,37351.30107025713,15281.376050449824,50,1,7,0
CUST_0451,64,Female,East,82564.1407624672,11865.549741185148,47,13,6,0
CUST_0452,51,Female,East,47361.712813514954,13818.963648564537,57,14,5,0
CUST_0453,49,Female,South,51848.072101767284,9934.281424449713,55,8,8,0
CUST_0454,65,Female,North,58272.280640607016,11214.133666287611,11,14,3,0
CUST_0455,42,Female,North,50654.03669558681,11176.562276478639,19,2,6,0
CUST_0456,57,Male,East,75425.7656064613,9013.686613839043,35,12,5,0
CUST_0457,62,Female,North,40660.25957398322,11292.903347536872,39,10,8,1
CUST_0458,18,Female,North,52919.11182855864,5805.526804545013,53,5,4,0
CUST_0459,33,Female,North,38862.94121452927,10035.385011431581,26,12,8,0
CUST_0460,56,Male,East,30199.662331689415,10860.498026521316,46,4,10,0
CUST_0461,22,Female,South,40823.46363642072,10975.28099001848,14,8,2,0
CUST_0462,39,Male,West,49444.44804427382,11034.010216516885,54,2,9,1
CUST_0463,46,Female,South,43560.4666322411,11752.943200559484,45,10,9,0
CUST_0464,20,Female,West,39613.68530189216,13917.766072344255,44,9,10,0
CUST_0465,29,Male,North,28905.23804492249,15498.068296530091,24,7,10,0
CUST_0466,43,Female,South,48753.41641056958,9400.939092606932,41,15,6,0
CUST_0467,33,Male,West,27429.194389534965,7187.196578443422,1,13,4,0
CUST_0468,54,Male,East,61400.83945534404,7831.822351027588,51,7,4,1
CUST_0469,39,Female,East,51236.59629401755,10051.188315220292,43,1,6,1
CUST_0470,46,Male,South,28136.72750802604,10592.314728733963,55,14,5,1
CUST_0471,31,Female,South,45361.863844252046,8920.01573521017,22,12,6,1
CUST_0472,45,Female,North,38717.65391614125,6815.533343000422,23,2,7,0
CUST_0473,22,Male,South,54787.61765628771,10175.516690103246,56,4,7,0
CUST_0474,64,Male,North,70106.75669034716,12725.706480455885,54,4,9,1
CUST_0475,47,Male,North,21872.41295531383,14380.117863342259,19,11,8,1
CUST_0476,63,Male,East,51725.39118721126,9770.307787566715,18,14,6,1
CUST_0477,22,Female,East,47598.00806650039,10348.008711426264,12,3,6,0
CUST_0478,29,Female,West,60070.101146756984,8293.206764610757,55,7,5,0
CUST_0479,33,Male,East,53197.94942356534,11874.243318500894,28,12,1,1
CUST_0480,43,Female,East,38720.460023917716,8606.285463236742,28,8,9,0
CUST_0481,43,Female,South,45214.19096500073,14292.5112529648,60,2,9,1
CUST_0482,65,Female,East,38059.612147947664,4856.534032263556,59,4,9,0
CUST_0483,38,Female,West,66140.10707897898,10561.48131019015,33,14,8,0
CUST_0484,56,Male,South,50319.67473007913,13204.429356766968,19,3,10,0
CUST_0485,53,Male,West,78517.86028629511,12735.338065290018,28,2,3,1
CUST_0486,50,Female,East,49090.08779278069,22772.134655921986,59,12,1,0
CUST_0487,47,Male,West,39373.898496343056,13399.20009827163,52,13,8,0
CUST_0488,54,Male,South,27294.28411080759,7983.781612631959,49,14,7,1
CUST_0489,40,Male,North,22952.904856160825,11618.143011643708,37,6,5,0
CUST_0490,27,Female,West,26237.960854917652,4895.014666134193,26,13,10,1
CUST_0491,22,Female,West,54006.89976517225,11677.601002812957,35,4,7,0
CUST_0492,53,Female,South,57630.87534844901,8667.775771996965,34,6,10,1
CUST_0493,51,Male,South,26282.139469518,15661.561102240647,35,2,4,0
CUST_0494,48,Female,West,63425.57471114173,9801.83890161786,40,12,9,1
CUST_0495,27,Female,East,42754.08422474841,11532.936336819013,16,4,10,1
CUST_0496,36,Male,West,52201.89517978324,9457.768634382386,38,11,2,0
CUST_0497,49,Female,South,74183.30942383136,18955.405407413324,13,6,9,0
CUST_0498,18,Female,North,63452.58973798298,10715.028935528353,23,14,9,0
CUST_0499,22,Male,North,45972.04028141251,19330.228173916807,60,5,5,0
CUST_0500,62,Male,East,36632.11661877069,15256.607048473066,54,3,1,1
CUST_0501,21,Male,West,17722.768980060428,13928.266909341544,22,8,7,0
CUST_0502,33,Female,North,39212.7002113637,13474.932589270078,16,7,10,0
CUST_0503,41,Female,West,46833.046417584585,13575.189192865006,28,3,10,0
CUST_0504,33,Female,South,35192.30709273224,4289.30968261756,48,6,4,1
CUST_0505,19,Male,North,48031.145493615426,10884.466423396974,35,4,9,1
CUST_0506,45,Male,East,51152.77824438152,15380.631884737286,60,11,6,0
CUST_0507,49,Female,South,46627.16027287882,11804.411266103578,45,5,3,0
CUST_0508,44,Female,East,40249.961287648104,6379.240612785699,46,11,6,0
CUST_0509,37,Male,South,52529.82007950092,11790.382197690122,8,5,10,0
CUST_0510,41,Male,North,56629.109743541136,18816.422065021965,44,7,6,0
CUST_0511,29,Male,East,33644.01383835731,16987.566862138876,55,11,5,0
CUST_0512,52,Male,East,71163.98569619405,11751.983962535873,55,5,2,0
CUST_0513,50,Female,South,48521.17801573608,15805.797108232346,22,11,10,0
CUST_0514,50,Male,East,50282.744344172716,10533.971918527794,21,15,10,0
CUST_0515,60,Female,South,60623.21634884836,5184.513652693125,26,3,2,0
CUST_0516,54,Female,South,53498.24196895253,8302.136047481783,40,10,7,0
CUST_0517,29,Female,South,64297.04950869868,18251.55507403279,21,5,2,1
CUST_0518,20,Male,South,54306.86247802736,10904.027672682783,25,7,6,0
CUST_0519,18,Male,North,40813.43938039343,11026.464082499928,41,5,5,0
CUST_0520,50,Male,South,55422.55287809153,10800.647214900479,1,5,4,0
CUST_0521,57,Male,West,32844.10689019007,19616.546358292027,6,9,7,1
CUST_0522,27,Female,East,51628.39558664785,18503.835661448255,23,15,8,1
CUST_0523,60,Male,West,49501.550140333085,20875.120933792536,51,3,4,0
CUST_0524,61,Male,North,46878.2471409119,11363.819158399794,23,13,1,0
CUST_0525,46,Female,West,48071.93732841604,13182.497954988381,43,6,1,0
CUST_0526,30,Male,East,21772.264317535413,5933.429802316836,43,1,1,0
CUST_0527,29,Female,West,41769.12638388558,17907.737704473097,23,10,1,0
CUST_0528,48,Female,North,51392.673517116724,7328.88179492826,32,5,5,0
CUST_0529,63,Female,South,52397.84587996101,12867.102255050517,30,8,4,0
CUST_0530,19,Female,West,34584.87288611063,7610.789889468624,13,5,9,0
CUST_0531,52,Female,North,68985.61761297051,9644.532693045216,43,9,3,0
CUST_0532,40,Female,North,37007.377276782485,8650.950275801199,18,11,7,0
CUST_0533,34,Female,East,64541.85800790105,9568.498957296728,23,6,8,0
CUST_0534,43,Female,East,56407.91542807527,9843.509187404085,15,8,6,0
CUST_0535,25,Male,West,40306.59035234295,9806.924820299691,33,10,10,0
CUST_0536,46,Male,South,76629.66338914268,15333.335647121228,21,8,1,1
CUST_0537,43,Male,North,32095.447523652798,7580.54882774992,57,13,8,0
CUST_0538,27,Male,West,63787.31260415002,12882.165708055467,39,3,10,0
CUST_0539,43,Female,North,65008.734770644674,16871.836609222235,23,7,3,1
CUST_0540,51,Male,North,39940.69686385033,9947.214541946416,27,14,8,0
CUST_0541,58,Female,South,70886.97950096492,9128.324437009593,45,7,4,0
CUST_0542,24,Male,South,46249.302281015705,11077.901499278996,44,14,8,0
CUST_0543,21,Male,West,54330.40443919785,16718.90083344284,18,10,1,1
CUST_0544,62,Male,South,53904.82758156831,12776.430523813431,24,12,3,1
CUST_0545,28,Female,South,47985.368877941786,9875.142821569607,51,6,6,0
CUST_0546,46,Male,West,62162.124097396736,13935.50660475216,47,12,9,0
CUST_0547,53,Female,South,61902.33080828319,7590.831400654307,40,7,2,0
CUST_0548,42,Female,East,23772.02040142729,14725.438041771791,51,14,1,0
CUST_0549,38,Male,North,69565.10364317229,13634.42923080707,42,2,10,0
CUST_0550,53,Male,North,25062.620179464884,10768.766115444463,7,9,3,0
CUST_0551,27,Male,North,65488.19306512486,8645.656806211076,50,10,4,0
CUST_0552,54,Female,North,66900.57705241375,8453.276310866171,48,10,5,1
CUST_0553,26,Male,West,33635.50354677203,14139.26934538364,20,1,3,0
CUST_0554,41,Female,North,43837.78568068123,16915.922009956248,27,1,10,0
CUST_0555,52,Female,North,33414.42997271096,9450.76901188482,6,3,2,0
CUST_0556,52,Male,North,46776.18454566897,13833.546814205936,27,14,2,1
CUST_0557,65,Male,North,45379.48573721388,3651.8919255917244,9,15,7,0
CUST_0558,53,Female,East,61694.907984040095,9661.529077371202,53,3,9,0
CUST_0559,35,Female,North,69654.63119179412,11875.764268516392,45,1,10,0
CUST_0560,56,Female,East,70935.25716184934,8361.266332072666,57,12,2,0
CUST_0561,49,Male,West,41567.47960132547,8253.974500841616,31,7,7,1
CUST_0562,41,Female,South,46861.671893832085,9328.881774124455,21,4,7,0
CUST_0563,40,Male,North,24748.427116685747,13168.770913305492,26,10,7,0
CUST_0564,49,Female,South,37911.94900255717,11250.6839263745,40,13,3,0
CUST_0565,54,Female,South,64472.77449646186,3047.075066700112,48,2,7,0
CUST_0566,29,Male,West,74233.74235322347,3517.1993894597344,45,10,1,1
CUST_0567,30,Female,South,31484.76692180117,9572.539288571297,13,5,10,0
CUST_0568,40,Male,East,41113.036112706584,13830.746344214209,49,6,1,0
CUST_0569,42,Male,South,49603.91364561609,1009.9806290990618,23,9,5,0
CUST_0570,52,Female,South,54202.4173822941,10001.079295393478,20,4,2,0
CUST_0571,58,Male,South,37855.94720117531,9895.008573930316,37,2,9,1
CUST_0572,47,Male,North,56360.915666961344,17553.351112833792,54,5,7,0
CUST_0573,34,Female,North,42892.409793936255,10459.912753148545,53,3,4,1
CUST_0574,37,Male,East,49783.215936825814,13531.955938963714,28,2,4,1
CUST_0575,65,Male,East,58194.26372005549,12565.028560349852,17,12,2,0
CUST_0576,42,Male,North,50096.33404716407,3477.734080771197,28,1,5,0
CUST_0577,39,Female,East,43454.21164210147,15072.82886652695,41,10,4,0
CUST_0578,30,Male,North,48355.852941112535,12861.586021825151,2,2,1,0
CUST_0579,36,Female,West,48674.55561191997,14033.074558698358,25,6,8,0
CUST_0580,53,Female,South,44449.83455176809,27704.950825745305,58,8,3,0
CUST_0581,29,Male,South,46118.059059993466,3663.548242005647,50,13,6,0
CUST_0582,58,Male,East,73979.70755757076,18898.786599044433,41,3,4,0
CUST_0583,36,Male,North,58413.791719118584,10850.209922398577,6,11,9,0
CUST_0584,29,Female,North,45567.795229562595,13149.315617612037,11,15,7,0
CUST_0585,26,Male,East,60454.316067661035,11817.95101879503,57,9,9,0
CUST_0586,24,Male,North,44992.70765365985,10303.054666407827,38,15,10,0
CUST_0587,45,Male,West,67596.86956379961,9720.668287044966,6,12,3,1
CUST_0588,31,Male,South,55544.63288297141,13318.034942292037,45,9,1,0
CUST_0589,48,Male,East,48390.467839936566,5931.305213313283,11,2,5,1
CUST_0590,36,Female,East,56715.75388715416,15002.316670087062,14,8,3,0
CUST_0591,64,Female,North,26436.85771897251,10335.222380458985,2,10,6,0
CUST_0592,33,Male,East,33098.48796635292,7479.722643838569,40,11,8,0
CUST_0593,22,Male,West,32091.12490401417,10199.948568016745,3,12,4,0
CUST_0594,52,Male,North,52144.1464214556,17028.59686745029,55,5,5,0
CUST_0595,29,Male,North,75987.72499227637,9858.659651935108,53,4,5,0
CUST_0596,42,Female,North,83469.50219288949,13433.814472838481,35,10,4,0
CUST_0597,38,Male,North,59570.76652161136,9076.174897138108,33,5,4,0
CUST_0598,53,Female,West,57512.66712416685,15031.687399694478,24,4,4,0
CUST_0599,40,Female,North,22984.133987708916,14742.030955160817,19,8,4,1
CUST_0600,33,Male,East,41859.89300398967,19394.435333185647,18,4,4,0
CUST_0601,56,Female,West,38183.24372137642,11297.744218003138,49,13,5,0
CUST_0602,62,Female,South,40687.28602623326,14674.619219031627,52,10,2,0
CUST_0603,59,Female,South,47477.84272122815,12392.270158155778,24,12,2,1
CUST_0604,56,Female,East,42918.64133454309,17183.487127452056,45,13,9,1
CUST_0605,31,Male,East,20310.502844363185,9124.670449565077,35,14,2,0
CUST_0606,48,Male,West,61218.65384176301,14980.021251509124,1,6,6,1
CUST_0607,22,Female,South,33908.854613902906,11221.210815533273,36,2,2,0
CUST_0608,52,Male,South,53588.702961667244,11743.24729156601,25,5,5,0
CUST_0609,40,Male,South,81111.2400462496,12367.009937793491,45,6,4,1
CUST_0610,46,Male,South,36209.23112620365,13008.96158570671,49,5,7,1
CUST_0611,60,Male,South,12045.687158805056,11535.083827512168,60,12,7,0
CUST_0612,28,Male,North,45709.936671798336,12858.852732682106,43,2,6,1
CUST_0613,35,Female,East,66514.39452497856,18312.47223024874,34,14,10,0
CUST_0614,64,Male,North,79375.21181330891,15941.798742460873,25,7,5,1
CUST_0615,29,Male,South,31556.756083213746,15476.618369987586,16,4,1,0
CUST_0616,26,Male,West,57450.48834854783,10177.841895904518,34,8,3,0
CUST_0617,27,Male,West,43020.3431482992,8443.036687086704,29,7,9,0
CUST_0618,61,Female,South,48410.774685437966,15821.202232951011,19,7,1,0
CUST_0619,34,Female,South,89665.15020525552,15504.187170119178,23,9,5,0
CUST_0620,55,Female,West,27455.4450740727,17890.682703003928,19,1,2,0
CUST_0621,24,Female,North,53806.094922418604,9584.077496123082,25,10,4,0
CUST_0622,63,Male,North,57015.3975764815,11081.805378558613,16,6,1,0
CUST_0623,30,Female,South,66286.7948740902,5442.063349898263,54,6,3,0
CUST_0624,57,Male,North,51469.747302063435,10430.115575756508,51,6,10,0
CUST_0625,59,Male,West,54620.75809256153,15986.28204231779,9,13,7,0
CUST_0626,26,Male,North,44125.271488673134,10134.018483087208,1,12,10,0
CUST_0627,44,Male,South,54036.90411867661,14561.919180803296,42,6,3,1
CUST_0628,19,Male,West,44852.11586753884,11237.987576008754,19,12,4,1
CUST_0629,22,Female,North,59323.57834784076,13296.228112886243,33,10,2,0
CUST_0630,46,Female,East,44455.84495934549,7409.234440737331,34,7,3,0
CUST_0631,54,Female,West,55656.505908532796,12340.837798535604,16,14,9,0
CUST_0632,55,Female,West,49561.057794725326,35.4561163971066,44,10,3,0
CUST_0633,36,Male,East,66890.75376158251,11252.415367352061,40,6,5,0
CUST_0634,25,Female,East,49229.094146172705,5478.107025139439,55,1,2,1
CUST_0635,65,Male,West,23404.512976896778,16823.978066187265,18,3,4,0
CUST_0636,62,Female,East,68928.82251070987,15109.629411058046,34,2,7,0
CUST_0637,18,Male,South,36414.015487060715,13866.683927864324,25,6,7,0
CUST_0638,39,Male,South,40193.504920267704,18084.02490863752,45,8,3,1
CUST_0639,34,Female,South,41065.08058934762,8204.33391670065,6,3,5,0
CUST_0640,24,Male,West,70616.57139756226,18989.452791662232,21,10,1,0
CUST_0641,42,Male,East,17964.886790319568,15728.76625704154,58,8,10,0
CUST_0642,62,Female,East,97066.22800489991,11053.778851124216,6,8,10,0
CUST_0643,21,Male,North,65840.85213599078,16542.480588731778,32,5,10,0
CUST_0644,53,Female,North,53348.5837119374,7574.825950353463,41,8,1,0
CUST_0645,23,Female,East,49176.5899907557,8701.943353889306,48,6,5,1
CUST_0646,48,Female,East,54283.311122864856,9565.641107041198,43,5,10,0
CUST_0647,36,Male,East,57816.836425690075,9884.08916774394,39,9,9,0
CUST_0648,61,Male,West,59678.23378925085,7773.769428958989,31,14,1,0
CUST_0649,56,Male,East,58334.066990051724,16892.332268381302,42,7,1,0
CUST_0650,44,Female,North,51343.71021882873,10964.582398520673,10,8,4,0
CUST_0651,27,Male,West,47039.923695390105,13410.019873427518,30,1,4,0
CUST_0652,43,Female,East,47730.90074519732,9718.594534345277,57,11,2,0
CUST_0653,36,Female,North,47076.375794709784,4717.586797805931,52,2,9,1
CUST_0654,56,Male,West,67006.55145300596,13080.229433565688,18,8,9,0
CUST_0655,20,Female,East,58903.35083421293,4350.9800983208925,60,12,2,0
CUST_0656,62,Male,East,5894.170480035798,11725.463815658126,24,9,9,1
CUST_0657,30,Male,East,59838.51164794641,6526.739844668758,52,4,6,0
CUST_0658,45,Male,West,52921.04292078162,19949.103996923233,9,12,8,0
CUST_0659,37,Male,North,49719.36865331154,15645.450888698888,31,10,10,0
CUST_0660,45,Male,North,44172.22320366671,12423.015165085922,15,11,4,0
CUST_0661,25,Female,South,66861.6907997902,17054.826710618676,4,10,2,1
CUST_0662,58,Female,East,64212.89693184287,8614.736090137056,40,14,2,0
CUST_0663,56,Female,South,38406.834982645865,14173.917514680372,9,9,9,0
CUST_0664,18,Male,South,56105.78430686802,12799.241734874853,45,4,1,0
CUST_0665,20,Male,North,35425.14898188071,13056.08032533468,9,10,7,0
CUST_0666,30,Male,West,29305.727528166044,17089.41400042707,26,10,3,0
CUST_0667,45,Female,West,40599.24163115052,14929.96841111921,4,10,3,0
CUST_0668,42,Male,North,62935.902085741385,13154.894651300094,17,9,2,1
CUST_0669,50,Female,West,64296.8756806413,5380.450255086816,16,11,10,1
CUST_0670,55,Female,South,57696.28130145939,8159.814818882145,15,7,6,0
CUST_0671,23,Male,East,60876.43680271995,11509.164265617103,35,2,10,0
CUST_0672,61,Male,North,57742.67430672437,12373.489497106604,57,9,2,1
CUST_0673,62,Female,East,40377.77607165572,7479.185101304305,52,4,10,0
CUST_0674,49,Male,West,56478.83817010911,21646.706702313684,5,8,4,0
CUST_0675,62,Female,East,62006.14287841524,18065.576221014293,55,14,10,0
CUST_0676,64,Male,West,61314.36994720361,14408.473281569934,5,7,9,1
CUST_0677,38,Male,West,67833.70057211965,12288.147445134979,20,13,9,1
CUST_0678,33,Female,South,60624.55770801596,11151.164120395393,15,15,6,0
CUST_0679,38,Male,West,55271.72311312374,8192.326159911057,18,7,4,0
CUST_0680,28,Female,South,66052.25357474641,12309.92207407545,47,8,7,0
CUST_0681,54,Male,South,49602.1811112641,13031.010160571002,2,1,1,0
CUST_0682,53,Female,South,36771.88023158423,7032.957698073503,29,5,4,0
CUST_0683,52,Female,North,47553.99554084354,13336.70566897959,13,2,5,1
CUST_0684,36,Male,North,38826.46032790326,11378.963804701005,4,2,8,0
CUST_0685,37,Female,West,39872.325875384275,4368.769768490436,42,15,2,1
CUST_0686,35,Male,South,47832.219939267234,8558.459956881992,45,1,5,0
CUST_0687,64,Male,North,38113.70118500058,10345.577866313422,10,5,6,0
CUST_0688,58,Male,South,45380.5770554144,19550.750629360762,31,2,5,0
CUST_0689,31,Female,East,21595.779995693214,14226.212498135032,41,4,9,0
CUST_0690,32,Female,East,53199.405610594076,6658.073723600434,8,3,10,0
CUST_0691,48,Male,East,50018.082130433366,13944.145157670548,3,3,1,1
CUST_0692,18,Male,West,37743.67053397714,5810.784044246538,48,2,3,1
CUST_0693,20,Female,South,59888.68502648608,16330.764215548294,46,13,2,0
CUST_0694,33,Male,East,64063.55206439838,10115.501392728485,9,6,3,0
CUST_0695,40,Male,North,25886.602034465388,11625.455245043317,30,2,10,1
CUST_0696,28,Female,East,38559.12832150679,17303.18659016876,53,14,9,0
CUST_0697,29,Male,East,38462.86475319053,6851.345725663,11,14,9,0
CUST_0698,27,Female,East,35901.45348336703,6411.527259548035,35,8,10,0
CUST_0699,49,Male,West,62442.12262897623,9665.60269461598,37,8,2,1
CUST_0700,33,Female,North,47092.60791840795,16153.515404077267,42,13,3,0
CUST_0701,25,Male,South,46032.27738034084,5922.615698092631,13,14,4,0
CUST_0702,55,Male,North,19942.064533898698,671.3776075577243,36,12,9,1
CUST_0703,29,Female,South,59531.27045313839,10195.364566364005,56,5,3,0
CUST_0704,41,Male,West,31411.12407719791,14206.963199643682,13,10,7,0
CUST_0705,45,Female,West,50898.989453994924,16801.046998955317,12,7,3,0
CUST_0706,25,Male,West,54160.654069372875,10147.354551658404,37,4,7,1
CUST_0707,45,Female,West,70409.87893757976,10354.29357153599,10,1,7,0
CUST_0708,53,Female,South,30367.69401321332,16615.602937022988,60,11,9,1
CUST_0709,43,Female,East,4707.317662687623,4521.033201218318,56,2,2,0
CUST_0710,25,Female,South,52757.743171305425,10445.916899267962,9,10,6,0
CUST_0711,45,Male,North,77007.66772266281,12761.69555970023,52,10,9,1
CUST_0712,45,Male,West,68584.19529409157,13796.874885140136,7,4,2,0
CUST_0713,54,Female,West,53144.891229119385,9960.77322723647,2,1,2,0
CUST_0714,58,Female,North,42625.45721551929,12137.764046823366,54,15,5,0
CUST_0715,53,Female,South,62106.83894955966,2046.6905863480424,56,13,10,0
CUST_0716,44,Male,East,35396.80700443297,9367.006350664607,60,8,10,0
CUST_0717,34,Male,East,57145.36654034329,13814.03485021787,23,9,10,0
CUST_0718,26,Male,North,57582.0523874994,8070.823862981282,39,4,8,0
CUST_0719,50,Male,East,65903.1486124832,12235.93688635839,40,10,9,1
CUST_0720,37,Female,South,91394.90058366617,13787.490003210793,39,3,2,0
CUST_0721,30,Female,South,55886.23950768151,10629.80319656894,21,2,5,1
CUST_0722,45,Female,North,42365.54561438752,12681.855083986284,23,5,7,0
CUST_0723,65,Male,South,49616.38531712008,8149.069738861551,29,14,6,0
CUST_0724,46,Male,West,23463.861426663225,11173.554881215814,14,3,6,0
CUST_0725,30,Male,North,39579.303033664124,14440.864678356891,26,10,7,0
CUST_0726,63,Female,South,43860.76342830344,12627.891843873736,51,7,3,0
CUST_0727,52,Female,North,42138.674030981114,9653.874921744258,5,11,3,1
CUST_0728,23,Male,East,52285.32308050583,12896.865617163172,55,6,10,1
CUST_0729,35,Female,South,37663.70101426699,14858.439162546472,31,1,9,1
CUST_0730,22,Male,West,66815.46000986706,3800.234885690088,25,12,8,0
CUST_0731,64,Male,South,50003.10597377296,16636.29625982359,31,8,5,1
CUST_0732,42,Female,North,49860.495182920786,10654.981045275712,50,2,6,0
CUST_0733,19,Male,North,45081.579252306234,13701.95973296092,20,5,10,0
CUST_0734,27,Female,South,52327.860257884684,16788.987694580912,44,9,1,1
CUST_0735,47,Male,West,62376.47397001452,6513.305211078136,55,8,10,0
CUST_0736,62,Female,West,36993.0467643365,9162.235990289813,17,2,1,0
CUST_0737,22,Female,West,40128.25266387115,10845.805216497181,45,9,4,0
CUST_0738,50,Female,North,45444.10956835003,8864.985915502286,2,5,2,0
CUST_0739,18,Male,South,29811.936147901775,18939.746303347234,25,10,7,0
CUST_0740,35,Male,East,37711.13210417754,8572.911624692828,13,14,2,0
CUST_0741,49,Female,North,42856.68689683011,9777.812882052534,58,6,10,1
CUST_0742,64,Female,West,63115.83771069092,12817.556126411908,39,13,2,0
CUST_0743,28,Male,South,53938.419935028876,7191.401895695644,28,3,5,0
CUST_0744,38,Male,West,52903.848670513165,10417.277152974944,42,13,4,0
CUST_0745,43,Male,East,62763.46943251958,13269.813045000701,55,3,8,0
CUST_0746,42,Female,West,47939.42317400905,10668.558382469955,6,10,4,0
CUST_0747,39,Male,West,55856.972748933345,11626.452564400206,3,8,6,0
CUST_0748,44,Male,East,48451.67370601256,9882.671550206516,58,11,5,1
CUST_0749,30,Female,South,53980.435240994426,5942.118763276932,35,10,2,1
CUST_0750,50,Male,North,41258.62013582627,13286.372845356955,18,10,8,1
CUST_0751,51,Male,South,13417.742625853563,19019.732286588966,11,15,2,1
CUST_0752,58,Male,East,47985.81256720544,12073.606523133752,54,12,9,0
CUST_0753,52,Female,West,71341.2220414991,12901.056468990198,20,2,9,1
CUST_0754,18,Female,South,63893.23103362389,14770.891020467438,5,11,3,0
CUST_0755,38,Female,North,64480.96226886756,6922.6780138132035,19,12,4,0
CUST_0756,65,Female,East,68541.96082709327,18810.058632518423,22,12,8,0
CUST_0757,23,Female,South,51329.86386442156,12809.315185691208,59,2,9,0
CUST_0758,45,Female,North,52959.73561108393,18527.427596356436,60,13,3,0
CUST_0759,34,Female,East,40735.22156848475,9067.868017904042,19,5,5,1
CUST_0760,22,Male,North,45258.90715959425,19272.2476902313,47,6,8,0
CUST_0761,48,Male,East,59236.56724656712,15100.621976139133,16,12,3,0
CUST_0762,22,Female,West,68058.26655753225,14212.160343409434,24,2,7,0
CUST_0763,55,Male,South,47908.305864785005,12936.097817412592,41,15,8,0
CUST_0764,20,Male,North,43247.16102722882,11005.885527702203,4,5,10,0
CUST_0765,40,Female,East,50007.91938284896,16802.12663389549,15,7,3,0
CUST_0766,54,Male,North,59018.10123393672,12561.439479392187,25,10,2,0
CUST_0767,54,Male,North,28342.177757996873,4131.721185651391,44,10,10,0
CUST_0768,27,Male,South,15557.28570294143,7531.254153171991,55,8,7,1
CUST_0769,27,Male,West,41741.94725762625,11256.616991229012,35,12,9,0
CUST_0770,36,Male,North,31689.31361128762,13239.995932662221,55,7,1,0
CUST_0771,34,Female,East,42377.897035290334,11773.646044400417,14,8,3,0
CUST_0772,38,Female,East,47783.29521773793,16875.883159174653,49,14,5,0
CUST_0773,31,Female,West,43201.2738646548,4195.592543845501,19,12,3,1
CUST_0774,26,Male,East,71787.01301706118,12574.35174602064,38,9,1,0
CUST_0775,63,Female,West,54901.1714690348,4728.083098451381,36,15,7,0
CUST_0776,18,Male,East,54507.11539416242,15038.849181936674,7,5,7,1
CUST_0777,62,Male,South,59333.10716065103,11622.165142231988,30,13,10,0
CUST_0778,30,Male,North,32917.50323328846,13678.439888096473,19,5,8,0
CUST_0779,21,Male,South,65586.67681130403,8544.468157640935,49,11,5,0
CUST_0780,18,Female,North,48863.5357019681,17117.859726631003,25,10,10,1
CUST_0781,57,Female,North,60057.20925861819,16166.898656235406,16,4,5,1
CUST_0782,49,Male,North,33922.14150439767,14334.17721204755,47,13,5,0
CUST_0783,51,Female,South,26693.618509759035,11481.931012546236,54,9,1,0
CUST_0784,45,Male,North,62268.344870375426,14319.429141180528,40,5,10,0
CUST_0785,48,Female,South,55646.14289146275,9172.429728050603,51,14,5,1
CUST_0786,25,Female,West,36469.226684637346,15422.222636082848,8,2,6,1
CUST_0787,56,Male,East,36955.053780879585,18597.92357729568,18,15,1,0
CUST_0788,43,Female,East,66881.52176622154,16282.442239916745,28,10,7,1
CUST_0789,51,Male,North,32158.82160699008,9081.590120770361,16,8,1,0
CUST_0790,20,Female,South,74640.09429883945,13445.669269092412,52,15,2,0
CUST_0791,29,Male,East,36490.68898028197,6827.433824965409,19,7,2,0
CUST_0792,18,Male,South,59575.87888412575,14289.561244702703,42,8,5,0
CUST_0793,61,Female,South,45070.72286376523,13802.413651450155,17,12,10,1
CUST_0794,22,Female,North,59047.81146623514,4520.734641871343,45,3,7,0
CUST_0795,47,Male,East,41838.289968287114,7352.864624350545,13,15,1,0
CUST_0796,47,Female,North,47558.106408915584,10867.444413024932,7,15,10,1
CUST_0797,34,Female,North,50613.78763093582,10796.561011436695,27,4,1,1
CUST_0798,65,Male,East,34967.18816327791,7162.092258324778,10,5,1,0
CUST_0799,64,Male,East,61112.36518130189,13555.914917408734,34,6,6,0
CUST_0800,40,Female,West,42301.79650292622,13005.894435762048,36,1,2,0
CUST_0801,32,Male,West,46571.00126989972,11222.923472085922,25,4,1,0
CUST_0802,54,Male,South,35084.75938087232,8976.833999366549,6,11,6,1
CUST_0803,38,Male,East,11564.995118070343,16194.828505666253,24,12,2,1
CUST_0804,31,Female,West,47134.58356099747,18621.62845235318,18,10,6,0
CUST_0805,19,Female,South,86189.23132419374,10065.754064613851,23,13,10,0
CUST_0806,28,Male,South,61769.06431847036,9551.332331380716,6,5,8,0
CUST_0807,56,Female,South,49711.09430398408,13964.830661647986,29,7,2,1
CUST_0808,55,Male,West,46056.637561875985,10567.882481012055,25,13,9,0
CUST_0809,51,Female,East,50336.9883921807,11442.411197347063,55,5,8,0
CUST_0810,55,Male,North,58206.78672762815,14958.612606898685,17,13,10,0
CUST_0811,51,Male,South,32287.807770367326,4362.575649970829,46,13,1,0
CUST_0812,35,Female,West,66714.82542003308,17273.20929941068,24,1,7,0
CUST_0813,47,Male,West,60730.719731618665,12290.722097317366,11,11,10,0
CUST_0814,32,Female,North,60772.785885619014,10354.02742175128,26,7,6,1
CUST_0815,44,Female,North,56577.13608214591,11643.063383114204,51,8,6,1
CUST_0816,51,Male,West,50294.249865409845,11849.717420082075,34,13,6,1
CUST_0817,55,Male,East,60092.918539502294,5075.194786220299,28,7,6,0
CUST_0818,50,Female,North,58877.212006120666,17979.752909812945,3,11,10,0
CUST_0819,41,Male,West,44689.38933588464,12165.302529082473,11,14,7,0
CUST_0820,32,Male,North,41395.97340654649,13772.008521789501,38,13,3,0
CUST_0821,47,Male,East,51527.8444289298,15806.19908229617,14,15,6,1
CUST_0822,59,Male,South,73235.30227242781,7915.350169758799,51,4,3,0
CUST_0823,34,Male,North,31413.393865191487,13893.887596140914,26,8,7,0
CUST_0824,22,Female,East,27987.1210137134,10929.435636404825,48,15,7,1
CUST_0825,46,Female,West,52471.41261854775,15387.083100865975,21,5,8,1
CUST_0826,21,Male,North,50763.31552784027,3491.0903185940188,54,10,2,0
CUST_0827,27,Male,North,52600.124965556126,11603.622799034923,56,9,9,0
CUST_0828,34,Male,West,53659.29796862751,9588.717376864153,39,12,5,0
CUST_0829,27,Female,South,46651.966180477924,13729.051802536622,30,12,9,0
CUST_0830,34,Male,West,72347.95157903123,13880.176749472808,59,10,10,0
CUST_0831,37,Female,North,25986.440322852268,9169.496420711896,8,5,5,0
CUST_0832,41,Female,West,37572.54462829631,9151.304543295826,51,1,7,1
CUST_0833,22,Female,East,48451.17859776429,11557.338525770681,20,12,9,0
CUST_0834,51,Male,West,25352.16783268749,8413.431090739166,48,9,4,0
CUST_0835,23,Female,North,47362.18393351893,15367.934781808508,32,12,2,0
CUST_0836,19,Male,West,74922.05248592027,10523.171198210215,22,5,9,0
CUST_0837,30,Female,South,50313.29732443942,372.0471227134349,59,6,2,1
CUST_0838,60,Male,West,53460.51358578025,10500.711773512776,7,4,3,0
CUST_0839,60,Female,South,31097.528522411296,7845.824716624111,9,6,10,0
CUST_0840,65,Male,East,40754.57887940784,5474.896738156218,45,12,2,0
CUST_0841,28,Female,South,44372.054295140944,7050.29344710971,1,8,3,1
CUST_0842,64,Male,West,45234.27354865649,12437.63388733188,29,3,6,0
CUST_0843,40,Male,North,69224.65692505654,17314.563312992927,8,5,3,1
CUST_0844,33,Male,South,58365.36591087687,13252.73789545992,56,2,10,0
CUST_0845,48,Male,East,33328.13064594452,9573.986447137042,54,14,8,0
CUST_0846,28,Female,South,53697.571676480075,13823.61678068281,4,2,6,0
CUST_0847,33,Female,South,57473.32622745178,10163.638759124033,35,13,7,1
CUST_0848,25,Male,South,67102.235577819,9221.598523347422,59,7,1,1
CUST_0849,21,Female,East,73708.1102985256,7382.549327068063,3,10,3,0
CUST_0850,57,Male,West,34773.58712258197,4992.684772993123,54,13,3,0
CUST_0851,21,Male,South,37837.137331844926,10440.305173762219,45,10,2,0
CUST_0852,42,Female,South,31136.332116280755,12632.213959680528,40,14,7,0
CUST_0853,20,Male,North,46489.70211339528,11613.505319940441,7,11,9,0
CUST_0854,49,Male,East,56995.37561669502,10336.132288210565,27,10,4,1
CUST_0855,20,Female,South,64810.01774883653,8217.015757212876,1,6,5,1
CUST_0856,44,Male,East,48860.73464536216,14432.984766739874,27,4,3,0
CUST_0857,46,Male,South,45202.28715117734,6731.47232021366,16,5,9,0
CUST_0858,49,Male,West,52276.3698837311,15104.111655373901,38,1,4,1
CUST_0859,36,Male,West,37472.856475549655,7991.1319242931,7,7,5,1
CUST_0860,38,Female,South,81343.08082542161,8990.25905058786,44,8,1,0
CUST_0861,22,Female,West,25885.08459322912,6132.859237537292,23,9,2,0
CUST_0862,35,Female,South,52771.108683435865,9994.391412457453,41,8,9,0
CUST_0863,45,Male,West,80354.0932884446,15901.249833911916,59,5,2,0
CUST_0864,59,Male,North,50101.99766839996,14062.512353775826,11,3,5,0
CUST_0865,39,Female,North,47149.41447497758,15913.68844811214,42,10,8,0
CUST_0866,38,Male,North,44638.31865784359,14088.570183735743,53,11,3,0
CUST_0867,23,Male,East,47294.12477356388,7585.320685878523,33,9,6,0
CUST_0868,18,Male,East,70592.72712014796,10676.84310268977,50,15,4,0
CUST_0869,22,Male,North,16822.0713300574,8879.20348353015,36,6,7,0
CUST_0870,58,Female,East,73001.50551944488,17322.29961615616,37,15,10,1
CUST_0871,29,Female,West,28640.642713247824,7212.845414294754,41,5,3,1
CUST_0872,43,Female,South,46000.21506148378,15574.790757556444,59,13,6,0
CUST_0873,63,Male,South,43561.33369552007,15571.815480435078,17,3,10,0
CUST_0874,51,Female,South,58828.299046560795,19318.480806864347,35,6,9,1
CUST_0875,31,Female,North,26028.134721743787,10361.253629482011,48,3,10,0
CUST_0876,43,Male,East,56932.58999122914,14849.288638320648,5,10,1,0
CUST_0877,62,Male,West,80364.64434930279,21126.60734615537,48,12,3,0
CUST_0878,44,Female,West,29552.389931107842,9529.433292265214,32,6,2,0
CUST_0879,26,Female,North,52845.592514155935,5859.839009870561,3,4,8,0
CUST_0880,43,Female,West,40070.26733305086,4479.959864368945,52,15,7,1
CUST_0881,64,Female,West,56388.30809289554,14850.848115445326,47,2,2,0
CUST_0882,39,Male,West,50287.21666123628,4467.399167765665,35,8,6,0
CUST_0883,64,Female,West,40377.69636433535,10510.72378824831,52,4,3,1
CUST_0884,47,Female,East,57318.08427306611,13749.252748155843,14,9,8,0
CUST_0885,60,Male,West,77065.22164680115,12740.702147319656,48,7,10,0
CUST_0886,65,Female,South,47136.44312409052,13701.77945673669,31,12,3,0
CUST_0887,34,Male,North,60796.369132222724,12889.159423203417,31,2,10,0
CUST_0888,43,Male,East,30600.905631932543,17115.463253253572,17,4,9,0
CUST_0889,53,Male,West,35653.45434772987,8190.734477044813,60,5,1,0
CUST_0890,18,Female,East,57086.09416820566,9292.019446165876,24,3,5,0
CUST_0891,25,Female,West,72261.74042803947,8909.362218916704,52,9,3,0
CUST_0892,52,Male,South,55334.2002317849,15320.76724745044,23,13,6,0
CUST_0893,32,Female,North,45304.12954215269,15601.594353580254,18,5,10,0
CUST_0894,64,Female,West,49989.37108135031,13804.901277274033,50,2,2,0
CUST_0895,39,Male,West,31243.883990454236,16733.974667559713,54,11,9,0
CUST_0896,31,Male,West,59067.7298953305,7287.836530494477,14,3,6,0
CUST_0897,43,Female,West,63234.99593485113,18668.896446204548,50,14,7,1
CUST_0898,45,Male,North,43218.645007503794,18092.954486849034,15,15,5,0
CUST_0899,40,Female,North,42949.36778360748,14942.487988982986,15,9,9,0
CUST_0900,31,Female,South,53988.173444780725,19127.19563508424,6,7,1,1
CUST_0901,41,Female,North,43449.20395939107,5373.507169288905,27,2,5,0
CUST_0902,19,Female,West,49008.01078061266,9902.207454949392,15,9,10,0
CUST_0903,62,Male,South,81495.82683749773,9058.78615727219,50,14,6,1
CUST_0904,43,Male,South,46294.61448881005,14885.917295029372,36,4,7,1
CUST_0905,31,Male,South,44624.89771968167,7799.437041591417,55,13,4,0
CUST_0906,24,Male,West,40286.87291547261,15029.980597349942,8,9,1,0
CUST_0907,20,Female,East,61162.87957249905,17482.144575986855,15,15,8,0
CUST_0908,64,Female,West,47281.637401728454,14780.811600335997,3,13,10,1
CUST_0909,40,Male,North,40259.40442517861,13135.004094646005,47,2,4,0
CUST_0910,63,Female,North,69819.56048409519,8048.506636397004,13,15,3,0
CUST_0911,60,Female,West,71294.04506770456,8612.596135498541,41,12,7,1
CUST_0912,64,Female,West,40993.64651391942,16998.475621186666,34,10,2,0
CUST_0913,62,Male,South,22001.900729590758,15117.396015621329,24,12,8,1
CUST_0914,35,Male,West,65112.705347553834,11843.921922489824,40,4,6,0
CUST_0915,55,Male,South,39730.55261359994,10328.361816936438,32,5,7,0
CUST_0916,52,Female,North,61859.38398744153,3896.7685075544923,32,2,5,0
CUST_0917,32,Male,South,20448.442734322467,7716.590325262245,30,10,9,1
CUST_0918,42,Male,West,63388.96007448964,19645.676348558893,52,1,5,0
CUST_0919,54,Male,North,31832.42106078828,6878.177715990133,49,7,5,0
CUST_0920,45,Male,East,60961.46178599787,12757.919284884323,13,10,3,0
CUST_0921,27,Male,South,50214.096017546515,16029.775892780794,1,1,1,0
CUST_0922,56,Male,North,35690.90870905033,6980.30932799083,34,11,2,1
CUST_0923,34,Female,South,43894.455306098294,12738.841899124332,15,11,8,0
CUST_0924,56,Female,North,60294.77685435051,15751.662150042619,44,8,1,0
CUST_0925,39,Male,North,51588.41679672851,12049.997287629001,14,3,7,1
CUST_0926,43,Male,South,58766.19470708726,23473.612222667074,57,14,5,0
CUST_0927,61,Female,East,79646.60876773228,5325.602964487219,29,10,3,0
CUST_0928,42,Female,North,26536.37582433423,16234.914119535515,34,6,7,0
CUST_0929,34,Male,North,74258.18862452936,11308.793050414142,18,7,9,1
CUST_0930,30,Male,North,51565.339062848194,15087.6806193467,54,10,2,0
CUST_0931,37,Male,East,36518.23927515308,13765.228606796984,7,1,8,0
CUST_0932,42,Male,East,30045.295613915154,9067.375211560015,29,14,9,0
CUST_0933,21,Female,West,47163.1941383445,12915.985569837361,55,6,3,0
CUST_0934,27,Male,South,63824.75167886689,4568.394194406851,31,7,2,0
CUST_0935,20,Male,East,48086.763194336985,14412.990002285575,25,6,7,0
CUST_0936,58,Male,South,72667.3239537102,13192.633863962103,38,4,5,0
CUST_0937,62,Male,West,28232.364649226616,14554.640674572409,14,1,5,0
CUST_0938,35,Female,South,49818.66578230918,16232.4733003486,8,11,10,0
CUST_0939,64,Female,East,31214.098333803213,13470.479360838843,27,9,5,0
CUST_0940,53,Female,South,55454.47823937452,12592.357679193105,54,4,4,1
CUST_0941,64,Male,East,63303.31085145951,8475.726653354832,2,7,5,1
CUST_0942,39,Male,South,43688.5730947842,9151.116945403795,17,7,4,0
CUST_0943,51,Female,East,10936.792150592984,16746.938480709323,37,2,6,0
CUST_0944,64,Male,East,52984.22220194742,17745.341622823915,14,1,4,0
CUST_0945,25,Male,South,56551.07827600264,11047.558254751784,25,8,2,1
CUST_0946,57,Female,West,56064.421324425464,12184.010989013097,56,8,9,1
CUST_0947,61,Female,North,68536.73287733231,8381.542500024936,30,7,2,1
CUST_0948,36,Female,West,33934.19480526427,16691.02738106978,29,14,9,0
CUST_0949,59,Female,South,60203.24158175674,14661.667294767114,20,15,10,0
CUST_0950,58,Male,West,67887.61268716963,19764.869745854998,21,15,6,0
CUST_0951,54,Male,East,23321.186239902247,8486.707691281044,53,15,9,0
CUST_0952,23,Female,North,54794.777388784656,10487.96840392713,22,15,9,0
CUST_0953,43,Male,South,42437.302534884926,12925.78369010229,35,8,3,1
CUST_0954,51,Female,South,48777.15990347531,14585.958150903083,37,3,1,0
CUST_0955,62,Female,South,55215.14725307505,11137.329449809471,16,11,1,0
CUST_0956,23,Male,North,42691.57153829672,8508.155638185199,50,2,3,0
CUST_0957,54,Female,East,39864.37881257582,15525.630115694285,58,7,5,1
CUST_0958,50,Male,South,50512.28626232037,14884.541450182327,49,8,3,0
CUST_0959,39,Male,West,33691.31091705796,8334.9035977451,43,1,9,0
CUST_0960,38,Male,South,33712.62306672222,17421.771204421984,17,12,9,1
CUST_0961,23,Male,South,60190.59924434755,16680.794836786416,16,10,3,0
CUST_0962,23,Female,South,32768.08947262016,12537.185988991172,58,9,3,0
CUST_0963,65,Male,South,59994.68751363818,12318.391449504146,55,15,5,0
CUST_0964,21,Female,East,56938.86939280927,14216.231084463629,2,13,2,0
CUST_0965,47,Female,West,24112.89906814105,8553.187718974968,4,15,6,1
CUST_0966,28,Female,East,39836.530214965176,12120.125916656329,21,11,7,1
CUST_0967,47,Female,West,67911.6410457106,3390.465821563279,39,4,9,0
CUST_0968,48,Male,South,35282.517032904776,15505.822582011742,34,14,6,0
CUST_0969,41,Male,North,43033.93606535919,5754.027110232562,30,12,3,0
CUST_0970,26,Female,East,56930.913398778444,18013.679313715995,6,14,5,0
CUST_0971,20,Female,North,61750.85763923893,10679.519624134198,17,4,4,0
CUST_0972,48,Male,East,46226.91670933257,11153.332072275292,39,3,5,0
CUST_0973,57,Female,South,41037.347079625375,9489.064375661977,25,6,8,0
CUST_0974,54,Male,East,71335.54792547761,10847.844504311695,5,1,8,1
CUST_0975,53,Female,South,76083.49495696368,17674.125380592144,5,6,6,0
CUST_0976,41,Male,East,64682.87076172693,2048.765373859682,20,2,1,0
CUST_0977,48,Female,South,51279.77213847536,17107.861544352752,16,9,8,0
CUST_0978,23,Female,South,37876.0141753861,13352.093924406832,51,2,8,1
CUST_0979,19,Male,West,37543.333901651524,7171.913408571138,41,7,2,0
CUST_0980,37,Female,South,57837.71157898636,7698.750427803048,37,12,4,0
CUST_0981,45,Female,West,56275.97331333026,18705.572108832814,40,1,2,0
CUST_0982,28,Male,South,71023.97889419644,8217.972480229075,9,12,4,0
CUST_0983,21,Female,North,59756.75138804209,7386.597957616163,5,7,10,0
CUST_0984,32,Male,South,27453.79547360273,16549.258169458917,42,5,7,1
CUST_0985,23,Male,North,65779.21426584378,13354.211505143658,57,8,9,1
CUST_0986,47,Female,North,35029.090590283806,8248.297693854405,2,4,8,1
CUST_0987,55,Female,South,44240.43092071472,12866.499901618476,9,15,9,0
CUST_0988,19,Female,North,53753.00309377542,7896.9892654388905,43,12,8,0
CUST_0989,32,Female,West,79935.01234675947,16403.28559369042,36,15,2,0
CUST_0990,28,Female,East,96648.7783400804,16245.483859492535,22,10,7,1
CUST_0991,25,Female,South,59100.84588704274,14128.024795287773,22,7,2,0
CUST_0992,43,Female,North,47252.05071919418,13446.644244988067,22,6,2,0
CUST_0993,62,Male,South,58017.584727208254,19044.752499469494,34,5,4,0
CUST_0994,61,Female,West,63314.831388107545,11998.745309552902,55,4,1,0
CUST_0995,22,Male,South,45189.98561664212,7272.503498316795,29,15,5,0
CUST_0996,23,Female,South,76928.17033868484,13797.895651329227,38,7,6,0
CUST_0997,43,Female,North,53451.06138787103,20344.188198148455,59,12,9,0
CUST_0998,21,Male,West,57466.14633637091,7940.962027256592,46,5,10,1
CUST_0999,36,Female,East,59988.86378081692,10554.148933224056,33,5,8,0
CUST_1000,37,Female,East,56323.79915921683,13665.784152405811,18,15,2,0
